Subjects,NumVol1,NumVol2,NumVol3,NumVol4
220796,155,155,155,155
202200,155,155,155,155
219809,155,155,155,155
35780,155,155,155,155
216806,155,155,155,155
220399,155,155,155,155
210290,155,155,155,155
211101,155,155,155,155
221140,155,155,155,155
212019,155,155,155,155
208510,155,155,155,155
212857,155,155,155,155
219044,155,155,155,155
220927,155,155,155,155
213704,155,155,155,155
220451,155,155,155,155
221273,155,155,155,155
221292,155,155,155,155
220789,155,155,155,155
219954,155,155,155,155
219956,155,155,155,155
220913,155,155,155,155
881075,155,155,155,155
221099,155,155,155,155
220017,155,155,155,155
221298,155,155,155,155
219619,155,155,155,155
221226,155,155,155,155
221018,155,155,155,155
219886,155,155,155,155
220553,155,155,155,155
220152,155,155,155,155
217048,155,155,155,155
219392,155,155,155,155
220989,155,155,155, 
881209,155,155,155,155
220531,155,155,155,155
115105,155,155,155,155
221080,155,155,155,155
221085,155,155,52, 
218219,155,155,155,155
219949,155,155,155,155
214082,155,155,155, 
217909,155,155,155, 
217293,155,155,155,155
219944,155,155,155,155
220865,155,155,155,155
213163,155,155,155,155
217988,155,155,155,155
220926,155,155,155,155
210374,155,155,155,155
221256,155,155,155,155
220523,155,155,155,155
210381,155,155,155,155
211253,155,155,155,155
202278,155,155,155,155
215622,155,155,155,155
220976,155,155,155,155
219471,155, , , 
212856,155,155,155, 
216032,150,150,150,150
46069,155,155,155,155
219676,155,155,155,155
215537,155,155,155,155
215211,155,155,155, 
220513,155,155,155,155
217008,155,155,155,155
220889,155,155,155, 
221295,155,155,155,155
212794,155,155,155,155
220299,155,155,155,155
220963,155,155,155,155
220684,155,155,155,155
221181,155,155,155,155
221183,155,155,155,155
221261,155,155,155,155
219089,155,155,155,155
219772,155,155,155,155
204015,155,155,155,155
218572,155,155,155,155
207224,155,155,155,155
210701,155,155,155,155
221245,155,155,155, 
221036,155,155,155,155
881224,155,155,155,155
881230,155,155,155,155
881132,155,155,155,155
203264,155,155,155,155
202021,155,155,155,155
221228,155,155,155, 
220758,155,155,155,155
211038,155,155,155,155
220043,155,155,155,155
221050,155,155,155,155
219658,155,155,155,155
29829,155,155,155,155
220051,155,155,155,155
220597,155,155,155,155
881105,155,155,155,155
881106,155,155,155,155
881100,155,155,155,155
220678,155,155,155,155
206270,155,155,155,155
208572,27, , , 
220909,155,155,155,155
220740,155,155,155,155
220947,155,155,155,155
221212,155,155,155, 
220104,155,155,155,155
218714,155,155,155,155
220186,155,155,155,155
203803,155,155,155,155
220184,155,155,155,155
220064,155,155,155,155
221164,155,155,155,155
217173,155,155,155,155
215088,155,155,155,155
220401,155,155,155,155
220566,155,155,155,155
220244,155,155,155,155
212020,155,155,155,155
213868,155,155,155,155
221206,155,155,155,155
220024,155,155,155,155
220477,155,155,155,155
216011,155,155,155,155
